id;type;file_name;file_path;file_url;last_modified;last_modified_by;created_by;created_on;is_deleted;free_field_1;free_field_2;free_field_3
1;EIGHT_A;Field;invoice circuit;program States;2022-08-18T19:49:31;black green Account;Ferry Computers Directives;2022-08-18T06:13:26;true;zero Profit-focused orchestration;transmit;neural
2;SIGNATURE;user-centric Ouguiya;Loan;Electronics Bike;2022-08-18T12:12:40;Wooden;Reunion indigo monitoring;2022-08-18T10:05:10;false;incubate;harness;Home
3;DHORAN_DOC;Frozen Lodge Account;Sleek;benchmark;2022-08-19T01:20:20;Graphical;synthesizing cultivate connect;2022-08-18T18:25:58;true;bus Streets;Specialist Soft Berkshire;Lithuanian Account Manor
4;ASSET_DOC;emulation Dakota;invoice;Beauty;2022-08-19T02:12:48;Function-based Direct Maryland;invoice Factors deposit;2022-08-18T08:39:09;true;Soap;embrace Shoal;protocol cross-platform Jordanian
5;PROFILE_PICTURE;Metrics superstructure;Generic Ruble USB;Brand;2022-08-18T15:32:52;dot-com;transparent calculate Officer;2022-08-19T05:03:22;true;red;calculate definition Michigan;lavender Virtual Prairie
6;MOM_file;Down-sized Tugrik;array;mobile;2022-08-18T20:20:43;Product Music;lime Chicken Practical;2022-08-18T09:12:31;true;Auto orange tan;Mexican Assistant;Architect Saint
7;SIGNATURE;Garden generate asynchronous;transmit panel Outdoors;Soft;2022-08-19T01:02:40;online cyan B2B;transparent Generic Web;2022-08-18T09:23:41;false;Account Berkshire;Greens Assimilated stable;Montana Movies
8;AADHAR;Accountability synthesize;Corporate Ergonomic Avon;revolutionary haptic Rubber;2022-08-18T13:05:47;Minnesota;Applications;2022-08-18T05:25:26;true;Games Grass-roots;Industrial withdrawal;bleeding-edge
9;PAN_CARD;Shoals Integrated Aruba;Fantastic purple;Sleek;2022-08-18T18:45:25;metrics Refined Israel;Ergonomic;2022-08-18T20:34:27;true;Kroon Applications Cambridgeshire;Fresh;neural Panama withdrawal
10;DHORAN_DOC;calculating;input back-end Fantastic;San;2022-08-18T10:11:23;1080p Books Bike;Baby Generic;2022-08-19T02:42:39;true;Soft Soft Dynamic;parsing facilitate plum;Buckinghamshire Christmas
