id;loan_watap_date;crop_land_in_hector;slot_number;loan_amount;season;status;year;is_deleted;last_modified;last_modified_by;free_field_1;free_field_2;free_field_3
1;2022-08-18T16:23:14;74264;31214;63118;withdrawal;APPLIED;Consultant quantifying Factors;true;2022-08-18T08:33:55;green extend e-markets;Intelligent Corporate;indigo niches;generate salmon Grocery
2;2022-08-18T15:58:28;6682;97337;87791;web-enabled;APPROVED;reinvent repurpose;false;2022-08-19T02:59:06;Usability program Missouri;portals neural bus;Village Shirt;firmware Cheese
3;2022-08-18T13:13:07;81077;17560;92645;Account tolerance bandwidth;APPROVED;Regional;true;2022-08-18T20:32:06;input Account Unbranded;Phased Jewelery Credit;microchip compressing;invoice Designer
4;2022-08-18T13:51:25;27264;63871;57668;Up-sized;CLOSED;Salad;false;2022-08-18T08:22:21;Tennessee Concrete;Missouri;initiatives user-facing;hacking Operative
5;2022-08-18T06:12:27;8857;55041;43238;ROI Cotton;APPLIED;Shoes deposit;true;2022-08-18T15:36:21;multi-byte synergies target;Road;Australia local syndicate;Liaison neural infrastructure
6;2022-08-18T13:38:58;50162;25986;63714;PCI;APPROVED;Alaska;true;2022-08-19T04:58:53;calculating Libyan Rue;Samoa;aggregate B2C Sharable;Grocery driver
7;2022-08-18T13:18:11;6192;73592;64520;purple;CHART_GENRATED;bus back-end Product;false;2022-08-18T09:08:10;maroon;feed attitude-oriented Walk;multi-byte Program;Cotton Handcrafted
8;2022-08-19T01:16:57;39145;64441;97175;Card New Licensed;APPROVED;open-source Dynamic PNG;false;2022-08-19T04:19:35;pixel programming;South;calculate Table;Inverse systematic Keyboard
9;2022-08-18T15:28:27;16377;35358;29053;regional Cambridgeshire driver;ACTIVE;Interactions infrastructures Group;false;2022-08-18T23:14:14;Consultant Shirt;bus;transitional;open Dollar optimize
10;2022-08-18T06:23:38;50154;17289;64982;Cambridgeshire West;PENDING;Bedfordshire Card holistic;true;2022-08-18T08:07:21;User-friendly Dynamic copy;bifurcated Data Jewelery;online;Centralized Dollar indexing
