id;repayment_date;total_repayment_amt;installment_number;principle_paid_amt;interest_paid_amt;sur_charge_amt;over_due_amt;balance_interest_amt;balance_principle_amt;payment_mode;fore_closure_charge_amt;last_modified;last_modified_by;free_field_1;free_field_2;free_field_3
1;2022-08-18T09:19:47;16435;77390;77764;11305;69680;71640;55591;66459;OTHERS;56836;2022-08-18T15:12:49;Dynamic;Dinar;Group innovative Legacy;Keyboard
2;2022-08-18T22:52:54;32845;54060;4978;15246;76327;6823;92049;55065;CASH;34204;2022-08-18T10:35:19;Investment Gloves invoice;monitor Advanced;Handcrafted Corporate Mouse;Group hard Money
3;2022-08-18T13:08:54;66631;54960;11947;27573;32228;81355;29070;23029;CASH;83308;2022-08-18T05:47:08;France Small Data;Buckinghamshire Borders Designer;well-modulated Health Quality;index
4;2022-08-18T16:38:32;24285;574;84202;77821;57208;95824;20920;73024;TRANSFER;8384;2022-08-18T19:10:04;Louisiana;Toys;Associate deposit Franc;override
5;2022-08-18T12:26:50;4547;71231;7851;56208;37590;67842;25371;19586;CASH;32692;2022-08-18T19:01:45;Dynamic Kyrgyz;innovative Fresh Alabama;Beauty;Chair Virginia USB
6;2022-08-19T04:04:14;69778;95507;48831;69012;81183;81398;2984;15495;OTHERS;46879;2022-08-18T07:02:45;Alabama;Turkish Iraqi Internal;experiences calculate;incentivize
7;2022-08-19T02:34:54;39025;90510;19616;32229;21543;76816;48037;81854;TRANSFER;58520;2022-08-18T11:11:29;withdrawal Clothing;Shoes;Associate Dynamic;online
8;2022-08-19T03:35:50;50406;95760;80790;13227;22510;26565;23946;13134;TRANSFER;68311;2022-08-18T09:53:31;microchip;generate Table;capacity payment;Awesome
9;2022-08-18T06:43:49;8806;37563;66252;70042;34153;52578;46878;96288;TRANSFER;20795;2022-08-18T23:30:18;payment;Licensed Wisconsin;Gourde;Public-key Borders
10;2022-08-18T12:44:49;90060;63193;66043;74046;29684;92703;87586;41284;OTHERS;5819;2022-08-18T23:42:49;Representative pixel Plaza;Assistant index analyzing;calculating embrace;Handmade
