id;society_name;address;village;tahsil;state;district;registration_number;gstin_number;pan_number;tan_number;phone_number;email_address;pin_code;created_on;created_by;description;is_activate;last_modified;last_modified_by;free_field_1;free_field_2
1;National redundant Chips;Berkshire Island primary;JBOD exploit;overriding;Consultant plug-and-play COM;Brand RAM parsing;25594;6838;77141;78266;91205;Streamlined Licensed Bike;69651;2022-08-18T14:29:41;cross-platform;Lari;true;2022-08-18T16:01:12;silver;Buckinghamshire Sleek Sri;Plastic
2;Rapid navigate empowering;Fresh transmit Cotton;full-range;back-end;Direct system;Sports azure Car;17089;72781;36667;49405;29958;Reverse-engineered;46291;2022-08-18T19:01:46;Centralized;Pizza;true;2022-08-18T22:18:01;Paradigm;Bahraini supply-chains;Computers
3;e-business Metrics;process program;compressing;neural Hawaii protocol;Isle;Officer;95049;49732;45121;599;57998;Iowa implementation;72403;2022-08-18T10:46:03;Account proactive Cross-platform;Chair mission-critical Dollar;false;2022-08-18T13:49:41;Salad;auxiliary blue;back-end Throughway
4;Dinar Tasty;pink Fish;Chile Automotive;connecting enhance synergistic;Web deposit deposit;Ergonomic Triple-buffered Arabia;11509;7090;47529;14000;29076;Marketing;15978;2022-08-18T14:30:26;Security Seamless;background Sports;true;2022-08-19T03:53:21;bypassing;circuit;deposit Avon
5;Rhode PNG Upgradable;Concrete services channels;violet global;integrate;Peso Soft Fish;24/7 e-enable District;80481;99666;96747;67557;329;Data;40365;2022-08-18T10:50:26;Pants utilize;Court Dynamic Keyboard;false;2022-08-18T15:10:20;Montana Alabama Ergonomic;Colorado;Garden and
6;withdrawal card;initiatives Kip;Account Uganda;Bedfordshire;Mauritania withdrawal;Licensed;65728;82123;24735;4503;63012;quantifying Internal;87899;2022-08-19T02:22:36;directional hack;Soap Rubber;false;2022-08-19T01:51:32;payment Senior;Points;Nigeria
7;client-driven Sports;SMS Ville;Soft compressing Industrial;protocol Security world-class;Gorgeous Cape neural;connecting Kids deposit;38409;39532;55043;81517;7596;adapter;65844;2022-08-18T21:28:26;dot-com Credit revolutionary;Engineer Creative;false;2022-08-18T14:23:22;digital Avon;Quality;online AI JSON
8;Wooden;compressing Intelligent;Bahamas Account;visionary object-oriented Bedfordshire;up black;Tuna;64682;7266;63506;37997;31203;feed;82538;2022-08-19T02:00:27;Intuitive Idaho;Usability relationships Automotive;false;2022-08-18T07:22:46;facilitate access;EXE;bluetooth
9;e-commerce connect systems;Franc;International robust Pass;deposit Mississippi Data;Mobility Personal;Virtual;52871;2250;55192;38490;5090;Practical solution;31844;2022-08-18T13:03:14;Response Towels Investment;Handcrafted Interface;false;2022-08-18T21:00:50;Account Common optical;Loan;copying parsing
10;Handcrafted Practical;extend Branding Technician;Orchestrator deliverables content-based;Stream Plastic;integrate Garden best-of-breed;Chicken Shoes mobile;98038;69399;64323;33882;65996;Carolina;40978;2022-08-18T23:27:44;salmon Interactions;invoice North;false;2022-08-19T00:13:34;systems Intelligent;calculate;Cheese
