id;config_name;config_type;status;value;year;last_modified;last_modified_by;created_by;created_on;is_deleted;free_field_1;free_field_2;free_field_3
1;Direct Account;deposit;Tuna;23179;value-added next-generation;2022-08-18T06:17:49;Indiana driver;Re-contextualized Generic Supervisor;2022-08-18T12:16:43;false;Ohio indigo;Fresh Account EXE;Tasty virtual Centralized
2;Technician;fuchsia;Automated;9103;Grocery Practical;2022-08-18T20:13:01;Wooden engineer;Brand transmitting ability;2022-08-18T06:07:58;true;portals Bacon;Wooden Self-enabling;Franc back-end
3;efficient;Data Card invoice;withdrawal backing;21734;synthesize Cloned;2022-08-18T12:47:55;invoice front-end;Venezuela deposit Quality-focused;2022-08-18T13:03:27;true;Auto Home Rhode;Seamless models monetize;Eritrea
4;benchmark;Sleek Kentucky Tasty;Operative Accountability;66721;complexity Branding groupware;2022-08-18T06:02:58;Product back;Salad multi-byte;2022-08-18T11:03:27;false;PCI Account;USB;Agent Future digital
5;Practical;Hat;ubiquitous definition;3902;architectures;2022-08-18T07:36:11;Car;Keyboard;2022-08-18T16:55:05;false;tangible national neural;interactive Re-engineered copying;repurpose
6;Assurance virtual;Buckinghamshire;quantify Ball Frozen;73055;Music Integration withdrawal;2022-08-19T03:31:18;visionary;e-commerce Maryland standardization;2022-08-18T13:03:27;false;parsing River;Multi-layered;Serbia FTP
7;Mobility reboot Chips;systems Franc;Plastic;21964;Coordinator;2022-08-18T15:32:55;Sleek;District enable infomediaries;2022-08-19T02:20:37;false;Quetzal Ergonomic;Branding Towels orchestration;leading-edge
8;Creative Gardens Home;leading-edge;markets Wyoming Profit-focused;81049;functionalities Via;2022-08-18T09:35:51;Mississippi Kwacha;Outdoors cross-platform open-source;2022-08-18T11:33:52;false;Lead Indiana;Refined Awesome Club;utilize Facilitator functionalities
9;parse mobile;empower;Kentucky Brand 24/7;75797;Awesome hacking;2022-08-18T07:50:37;JBOD;deposit Concrete;2022-08-18T11:33:45;true;Strategist primary;Multi-tiered Liechtenstein Bedfordshire;fault-tolerant
10;Account program capacitor;input Automotive;generating South Web;74493;payment;2022-08-19T03:06:00;target moratorium;Ethiopia;2022-08-19T00:51:51;true;projection Cape bluetooth;envisioneer deposit feed;generate Baby Berkshire
