id;product_name;acc_head_code;borrowing_interest_rate;duration;interest_rate;last_date_of_repayment;loan_number;max_loan_amt;no_of_disbursement;no_of_installment;parent_acc_head_code;parent_acc_head_id;penalty_interest;product_type;resolution_date;resolution_no;status;surcharge;unit_size;valid_from;valid_to;created_on;created_by;is_activate;last_modified;last_modified_by;free_field_1;free_field_2;free_field_3
1;withdrawal Steel;withdrawal Sleek Egyptian;46676;66814;6085;2022-08-18T08:42:48;hierarchy;39851;20232;78173;Texas Berkshire Avon;34019;97507;Bedfordshire User;2022-08-18T17:35:46;Rue definition Manager;Steel;77507;24237;2022-08-18T14:50:20;2022-08-18T06:44:51;2022-08-19T02:19:55;hack Credit;true;2022-08-19T04:50:15;Principal Card Refined;Usability;virtual;invoice Bike
2;Interactions Gorgeous Dynamic;JSON;76282;67073;50593;2022-08-19T00:45:51;panel Home Profound;94440;16632;1656;Generic tertiary ROI;49017;60175;Metal Garden Future;2022-08-19T03:56:16;asymmetric;Games solid Rustic;25026;85183;2022-08-18T18:30:36;2022-08-18T22:14:20;2022-08-18T13:17:52;Guinea;false;2022-08-18T14:33:33;compressing proactive Iran;Sausages;Quality;bluetooth Monaco
3;connecting Hawaii parse;Account;53253;69777;79103;2022-08-18T11:54:34;New Berkshire hierarchy;68639;46421;28623;Jamaica;98386;95924;Gloves Soap;2022-08-18T23:26:28;purple visionary;national archive;11111;45350;2022-08-18T19:27:44;2022-08-18T23:22:57;2022-08-19T00:13:57;Cotton Incredible EXE;false;2022-08-18T19:11:34;zero lavender;Unbranded;Democratic Developer;Intelligent 1080p
4;context-sensitive Principal initiatives;firmware;97532;96349;62417;2022-08-18T15:14:42;Borders Kenya;7326;14438;93475;Investor PNG;32888;25703;intangible Product defect;2022-08-19T02:01:57;capacitor;Beauty;11796;66463;2022-08-18T16:10:10;2022-08-18T16:38:59;2022-08-18T12:15:35;Gorgeous framework;true;2022-08-18T17:50:28;Chicken;IB;Money;back
5;bandwidth Associate Station;Iraq Texas Steel;52380;48834;71475;2022-08-18T10:44:19;tangible;76651;35710;19359;stable Towels;53595;22635;innovative Pound Directives;2022-08-18T17:58:31;Towels Pants drive;SSL;12575;74803;2022-08-19T01:50:36;2022-08-18T08:37:58;2022-08-18T06:54:31;Kyrgyz Expanded;true;2022-08-19T00:49:01;service-desk Public-key Incredible;e-commerce;data-warehouse impactful invoice;Guyana hacking
6;Borders best-of-breed cross-media;platforms;32940;2471;45706;2022-08-18T08:35:21;Garden metrics Jordan;51399;58171;76359;Account;66670;62883;Bosnia;2022-08-19T00:14:45;Direct Awesome;port Account multi-tasking;33729;3763;2022-08-19T00:27:00;2022-08-19T04:05:54;2022-08-18T16:04:01;Handcrafted;true;2022-08-18T16:01:19;Steel Cove withdrawal;synergies facilitate Paraguay;Mouse Account Utah;interface Advanced Markets
7;concept Savings Licensed;incentivize;15544;2679;11778;2022-08-18T18:26:39;Savings;4855;4381;96994;Berkshire;71135;25245;Functionality asynchronous;2022-08-18T17:37:31;Towels lavender;applications protocol;803;22095;2022-08-18T21:58:33;2022-08-18T06:07:45;2022-08-19T02:24:30;copy back-end Soap;true;2022-08-18T14:34:06;Down-sized bus B2C;supply-chains content Sausages;harness pixel;payment Franc Soap
8;Market California;redundant Hawaii Awesome;25252;75435;57920;2022-08-18T08:06:14;Cotton Analyst policy;75938;79656;55254;Consultant open-source;21608;29862;collaboration Generic Dollar;2022-08-18T15:43:55;RSS Customer;deposit Islands;97336;55309;2022-08-18T12:44:43;2022-08-18T23:03:25;2022-08-18T14:11:42;Alaska best-of-breed Coordinator;true;2022-08-19T02:44:57;Neck Square Intranet;Chair Direct Incredible;Cheese Credit;next-generation
9;Director French;Norwegian morph;16653;25567;420;2022-08-18T12:40:58;Chicken Tactics invoice;21327;76394;55554;Panama quantifying;62337;70503;hack Generic;2022-08-18T13:49:52;Chips;Island Regional West;55753;17386;2022-08-18T06:33:49;2022-08-18T11:15:49;2022-08-18T17:07:45;haptic architect Cheese;false;2022-08-19T01:20:52;generation COM;Armenia;Sausages alarm blue;exploit cross-platform Product
10;Handcrafted;magenta;52152;16029;98477;2022-08-19T01:36:34;Specialist object-oriented matrix;80087;56533;14359;Licensed Fantastic SDD;76701;33567;Lead;2022-08-18T21:23:20;hacking haptic 1080p;Islands;11046;91000;2022-08-18T22:50:34;2022-08-18T23:47:19;2022-08-19T01:43:33;Research systems;false;2022-08-19T03:02:00;Money Computers distributed;Legacy Outdoors;haptic calculate;intangible challenge
