id;created_on;created_by;voucher_date;code;free_field_1;free_field_2;free_field_3
1;2022-08-19T03:25:28;violet recontextualize payment;2022-08-18T20:38:21;LOAN;circuit Grocery;Music back;Leu
2;2022-08-18T09:04:55;grow Arizona open-source;2022-08-18T08:40:45;SAVINGS;Interactions;Analyst;ivory
3;2022-08-18T13:20:35;distributed;2022-08-18T15:08:59;SALES;National proactive;Alaska;demand-driven Rubber
4;2022-08-18T05:50:02;Cotton;2022-08-18T22:30:58;PURCHASE;Fish Strategist capacitor;Home;synthesize
5;2022-08-18T16:04:06;Principal;2022-08-18T14:24:47;SAVINGS;TCP Dynamic reboot;Timor-Leste;Montana killer
6;2022-08-19T04:16:22;Bacon;2022-08-18T20:58:36;ASSETS;Functionality RSS Executive;Cambridgeshire;Plastic
7;2022-08-18T20:34:05;cyan orchestrate synergistic;2022-08-18T12:54:00;PURCHASE;circuit JBOD;Rustic;knowledge Illinois Connecticut
8;2022-08-18T11:43:01;services Keyboard Agent;2022-08-19T00:11:24;DEPOSIT;De-engineered;Interactions Rubber;Cambridgeshire Shirt withdrawal
9;2022-08-18T23:43:39;Auto Intranet;2022-08-18T21:21:12;SHARES;withdrawal;Salad compressing;Handcrafted SMS
10;2022-08-18T06:54:28;Functionality withdrawal Sleek;2022-08-18T08:28:40;LOAN;mint empower RAM;Tools Liaison Agent;Operations
